data,digital_twin
"{""user_id"": ""12345"", ""session_id"": ""abcde"", ""page_views"": [{""url"": ""/home"", ""timestamp"": ""2023-10-01T10:00:00Z""}, {""url"": ""/products?sort=premium_desc&coverage_min=1000000"", ""timestamp"": ""2023-10-01T10:05:00Z""}, {""url"": ""/tools/premium-calculator?sum_assured=1500000&term=20&billing=annual"", ""timestamp"": ""2023-10-01T10:07:30Z""}, {""url"": ""/products/item1?plan=premier"", ""timestamp"": ""2023-10-01T10:10:00Z""}], ""actions"": [{""action"": ""add_to_cart"", ""item_id"": ""item1"", ""timestamp"": ""2023-10-01T10:12:00Z""}, {""action"": ""remove_from_cart"", ""item_id"": ""item2"", ""timestamp"": ""2023-10-01T10:18:00Z""}], ""referrer"": ""/google-search"", ""device"": ""laptop/ipadpro"", ""location"": ""New York, USA""}","### Digital Twin Profile: Alex Carter (Lead ID: 12345)

**Persona Summary:**  
Alex Carter is a 38-year-old software engineer in the New York City area. A returning user who interacts primarily through desktop web, Alex is digital-first, values speed and clarity in quotes, and is privacy-conscious (Do Not Track enabled, ad blocker detected). He recently explored a Premier Life Plan, used a premium calculator, added the Premier Life Plan to the cart, and then removed an alternative plan, indicating strong interest in high-coverage life insurance but with careful consideration. Potential upsell opportunities exist for health insurance add-ons and, if applicable, homeowners insurance.

**Personal Information:**  
- Full Name: Alex Carter  
- Age: 38  
- Gender: Not disclosed  
- Marital Status: Not disclosed  
- Dependents: Not disclosed  

**Demographic Information:**  
- Occupation: Software Engineer  
- Education Level: Bachelor's Degree  
- Household Size: Unknown  
- Location Type: Urban (New York City metro)

**Financial Information:**  
- Annual Income: $120k–$180k  
- Credit Score Range: 700–750  
- Assets: Moderate liquid assets; potential home ownership  
- Liabilities: Mortgage or student loans not specified

**Insurance History:**  
- Current Policies: Not confirmed; actively exploring life insurance options; no active policy recorded in the session data

**Behavioral Signals & Preferences:**  
- Primary channel: Desktop web (Edge on Windows 10)  
- Privacy signals: Do Not Track enabled; ad blocker detected  
- Consent: Granted for essential analytics and marketing  
- Quoting behavior: Viewed Premier Life Plan details, used Premium Calculator, added item1 to cart, removed item2; indicates preference for a streamlined, progress-tracked quotation flow (quote_progress_tracker)

**Engagement & Opportunities:**  
- Short-term upsell opportunities: Health insurance add-on; homeowners insurance (if applicable to ownership)  
- Messaging preferences: Emphasize fast, personalized quotes with transparent coverage amounts and straightforward digital onboarding  
- Next best actions: Provide a quick, secure quote for Premier Life Plan with clear sum insured options; present health and homeowners bundles; propose a brief follow-up to finalize a decision
"
"{""user_id"": ""20012"", ""session_id"": ""mno789"", ""page_views"": [{""url"": ""/home"", ""timestamp"": ""2024-03-15T05:30:10Z""}, {""url"": ""/products?category=term_life&sort=popular"", ""timestamp"": ""2024-03-15T05:31:40Z""}, {""url"": ""/tools/quick-quote?age=32&smoker=no&sum_assured=10000000&term=30"", ""timestamp"": ""2024-03-15T05:33:05Z""}, {""url"": ""/lead-form?source=facebook_campaign_x"", ""timestamp"": ""2024-03-15T05:35:22Z""}], ""actions"": [{""action"": ""quote_started"", ""timestamp"": ""2024-03-15T05:33:20Z""}, {""action"": ""submit_lead_form"", ""timestamp"": ""2024-03-15T05:36:10Z""}], ""referrer"": ""/facebook-ad/campaign_x"", ""device"": ""smartphone/android"", ""location"": ""Mumbai, India""}","### Digital Twin Profile: Priya Nair (Lead ID: 20012)

**Persona Summary:**  
Priya is a 32-year-old marketing professional in Mumbai researching affordable, long-term protection. She arrived via a Facebook campaign, completed a quick-quote flow on mobile, and submitted a lead form—signaling high purchase intent for term life with high coverage.

**Personal Information:**  
- Full Name: Priya Nair  
- Age: 32  
- Gender: Female  
- Marital Status: Not disclosed  
- Dependents: Not disclosed

**Demographic Information:**  
- Occupation: Marketing Specialist  
- Education: Bachelor's Degree  
- Location Type: Urban

**Financial Information:**  
- Income Band: ₹12–18L (inferred range)  
- Credit Behavior: Not available  
- Liabilities: Not available

**Insurance History:**  
- Current Policies: Unknown; first-time buyer behavior suggested by lead submission

**Behavioral Signals & Preferences:**  
- Primary channel: Mobile web (Android Chrome)  
- Behavior: Term-life oriented, high coverage (₹1Cr) with long tenure  
- Consent: Opted into contact via lead form

**Engagement & Opportunities:**  
- Offer fast pre-approved quote; clarify rider options (critical illness, waiver of premium)  
- Schedule call-back or WhatsApp follow-up within 24 hours; provide premium breakdown and documents checklist
"
"{""user_id"": ""31007"", ""session_id"": ""tok555"", ""page_views"": [{""url"": ""/home?lang=ja"", ""timestamp"": ""2024-11-02T12:10:00Z""}, {""url"": ""/products/critical-illness?lang=ja"", ""timestamp"": ""2024-11-02T12:12:15Z""}, {""url"": ""/riders/accidental-death?lang=ja"", ""timestamp"": ""2024-11-02T12:14:40Z""}, {""url"": ""/resources/brochure?product=ci_plus&lang=ja"", ""timestamp"": ""2024-11-02T12:16:05Z""}, {""url"": ""/chat?topic=benefits&lang=ja"", ""timestamp"": ""2024-11-02T12:17:50Z""}], ""actions"": [{""action"": ""start_chat"", ""topic"": ""benefits"", ""timestamp"": ""2024-11-02T12:17:55Z""}, {""action"": ""download_brochure"", ""product"": ""ci_plus"", ""timestamp"": ""2024-11-02T12:16:10Z""}], ""referrer"": ""/organic-search"", ""device"": ""desktop/windows"", ""location"": ""Tokyo, Japan""}","### Digital Twin Profile: Kenji Sato (Lead ID: 31007)

**Persona Summary:**  
Kenji is a 41-year-old systems analyst in Tokyo exploring critical illness coverage and add-on riders. He read localized content and used live chat to clarify benefits, indicating research depth and preference for Japanese-language materials.

**Personal Information:**  
- Full Name: Kenji Sato  
- Age: 41  
- Gender: Male  
- Marital Status: Married (inferred not confirmed)  
- Dependents: 1–2 (inference from critical illness interest)

**Demographic Information:**  
- Occupation: Systems Analyst  
- Education: Bachelor's Degree  
- Location Type: Urban (Tokyo)

**Financial Information:**  
- Income Band: ¥9M–¥12M (inferred)  
- Liabilities: Not available

**Insurance History:**  
- Current Policies: Unknown; likely evaluating supplemental coverage

**Behavioral Signals & Preferences:**  
- Primary channel: Desktop (Windows, Japanese UI)  
- Behavior: Downloaded brochure; engaged with chat; reviewed riders  
- Content: Prefers localized/JP content

**Engagement & Opportunities:**  
- Send a Japanese-language summary of benefits with examples  
- Offer a short advisor call to calibrate rider selection and coverage levels
"
"{""user_id"": ""45021"", ""session_id"": ""aus901"", ""page_views"": [{""url"": ""/home"", ""timestamp"": ""2025-01-10T16:00:00Z""}, {""url"": ""/products/whole-life?sort=featured"", ""timestamp"": ""2025-01-10T16:02:05Z""}, {""url"": ""/tools/cash-value-estimator?age=35&annual_premium=2500"", ""timestamp"": ""2025-01-10T16:04:30Z""}, {""url"": ""/products/annuity/income-plus"", ""timestamp"": ""2025-01-10T16:07:10Z""}, {""url"": ""/schedule-callback?agent_region=TX"", ""timestamp"": ""2025-01-10T16:09:45Z""}], ""actions"": [{""action"": ""schedule_callback"", ""timestamp"": ""2025-01-10T16:10:00Z""}], ""referrer"": ""/email/newsletter_jan"", ""device"": ""tablet/ipados"", ""location"": ""Austin, USA""}","### Digital Twin Profile: Maria Gomez (Lead ID: 45021)

**Persona Summary:**  
Maria is a 35-year-old product manager in Austin researching whole life with cash value growth and considering retirement income products. She scheduled a callback, suggesting readiness for human-assisted guidance.

**Personal Information:**  
- Full Name: Maria Gomez  
- Age: 35  
- Gender: Female  
- Marital Status: Not disclosed  
- Dependents: Not disclosed

**Demographic Information:**  
- Occupation: Product Manager  
- Education: Master's Degree  
- Location Type: Suburban

**Financial Information:**  
- Income Band: $110k–$150k (inferred)  
- Savings Behavior: Interested in cash value accumulation

**Insurance History:**  
- Current Policies: Unknown; shows familiarity with cash-value concepts

**Behavioral Signals & Preferences:**  
- Primary channel: Tablet (iPadOS Safari)  
- Behavior: Used cash-value estimator, viewed annuity page, scheduled callback  
- Content: Prefers detailed projections and real examples

**Engagement & Opportunities:**  
- Prepare a callback agenda: coverage needs, cash value projections, annuity payout scenarios  
- Share a one-page comparison of whole life vs term + investing
"
"{""user_id"": ""56009"", ""session_id"": ""dub332"", ""page_views"": [{""url"": ""/home"", ""timestamp"": ""2025-04-05T09:20:00Z""}, {""url"": ""/products/term-life?coverage_min=100000&sort=low_premium"", ""timestamp"": ""2025-04-05T09:21:10Z""}, {""url"": ""/articles/term-vs-whole"", ""timestamp"": ""2025-04-05T09:23:35Z""}], ""actions"": [{""action"": ""exit_intent_shown"", ""timestamp"": ""2025-04-05T09:24:00Z""}], ""referrer"": ""/reddit-thread/insurance101"", ""device"": ""laptop/macos"", ""location"": ""Dublin, Ireland""}","### Digital Twin Profile: Liam O'Connor (Lead ID: 56009)

**Persona Summary:**  
Liam is a 29-year-old software tester in Dublin browsing low-premium term options. He read an educational article and showed exit intent without starting a quote—indicating early research stage and price sensitivity.

**Personal Information:**  
- Full Name: Liam O'Connor  
- Age: 29  
- Gender: Male  
- Marital Status: Not disclosed  
- Dependents: Not disclosed

**Demographic Information:**  
- Occupation: Software Tester  
- Education: Bachelor's Degree  
- Location Type: Urban

**Financial Information:**  
- Income Band: €45k–€65k (inferred)  
- Liabilities: Not available

**Insurance History:**  
- Current Policies: Not known

**Behavioral Signals & Preferences:**  
- Primary channel: Laptop (macOS Safari)  
- Behavior: Price-comparison mindset; educational content consumer

**Engagement & Opportunities:**  
- Offer a 60-second quick quote with transparent pricing tiers  
- Provide a starter guide and email capture with a discount code for first quote
"
"{""user_id"": ""67890"", ""session_id"": ""sgp777"", ""page_views"": [{""url"": ""/home"", ""timestamp"": ""2025-06-20T01:10:00Z""}, {""url"": ""/compare?products=term_elite,term_basic,ci_plus"", ""timestamp"": ""2025-06-20T01:12:25Z""}, {""url"": ""/products/term_elite?coverage=1500000&term=25"", ""timestamp"": ""2025-06-20T01:14:05Z""}, {""url"": ""/checkout/start?item=term_elite"", ""timestamp"": ""2025-06-20T01:17:40Z""}], ""actions"": [{""action"": ""add_to_cart"", ""item_id"": ""term_elite"", ""timestamp"": ""2025-06-20T01:15:00Z""}, {""action"": ""checkout_start"", ""timestamp"": ""2025-06-20T01:17:45Z""}, {""action"": ""payment_attempt_failed"", ""timestamp"": ""2025-06-20T01:19:10Z""}], ""referrer"": ""/google-ads/term_elite_sg"", ""device"": ""desktop/linux"", ""location"": ""Singapore""}","### Digital Twin Profile: Zhang Wei (Lead ID: 67890)

**Persona Summary:**  
Zhang is a 36-year-old data engineer in Singapore who compared multiple products, initiated checkout for a premium term plan, and encountered a payment failure—indicating strong intent with a transactional hurdle.

**Personal Information:**  
- Full Name: Zhang Wei  
- Age: 36  
- Gender: Male  
- Marital Status: Not disclosed  
- Dependents: Not disclosed

**Demographic Information:**  
- Occupation: Data Engineer  
- Education: Bachelor's Degree  
- Location Type: Urban

**Financial Information:**  
- Income Band: S$90k–S$130k (inferred)  
- Liabilities: Not available

**Insurance History:**  
- Current Policies: Unknown

**Behavioral Signals & Preferences:**  
- Primary channel: Desktop (Linux Chrome)  
- Behavior: Product comparison; moved to checkout; payment error

**Engagement & Opportunities:**  
- Trigger abandoned-checkout rescue flow with alternative payment options  
- Offer a temporary premium lock and a call-back to complete onboarding
"
